Atoms,Orbital,Embeddings
B,1s,"[ 0.7674839  -1.064584    1.375875    4.891208   -6.2485213  -5.3378854
 -9.743286   -7.1295543  -7.2503514  -5.9234424  34.3219      0.50389177
 12.557785    8.772207    7.5875063  11.153434    1.7064008   1.3259706
 -6.412762   -1.4207672  -2.8323903   0.7030863   0.46015185 -3.0336118
  0.718885    1.8099856  -5.344662   -2.523306    0.33080423  9.38679
  0.          0.          0.          0.          0.          1.
  0.          0.          0.          0.          0.          0.
  0.          0.          0.          0.          0.        ]"
C,1s,"[ 1.4762408  -0.5725381  -3.6370533  -3.3818793  16.813614    7.617602
 26.004871   17.776337   -4.186435    8.30591    14.559387    1.0026258
  5.540443    0.8814885   4.648023    2.5498955   3.1431055  -3.4361386
  1.066939   -1.1739721   1.7960027  -2.5360723  -0.36177728 -2.876066
  3.2641385   1.071147   -5.768514   -4.3614864  -0.46552283  8.336216
  0.          0.          0.          0.          0.          1.
  0.          0.          0.          0.          0.          0.
  0.          0.          0.          0.          0.        ]"
F,1s,"[ 3.5082635e-01  5.3094700e-04 -8.5528314e-01 -4.8448798e-01
 -8.0248767e-01  2.5657189e+00  1.2367921e+00  1.0113697e+01
 -3.8603883e+00 -2.8275208e+01 -2.3064926e+00 -2.0143578e+00
 -5.2831607e+00 -6.8815416e-01 -7.4593139e-01 -2.7259107e+00
 -4.6199207e+00 -1.3121971e+01 -8.5146179e+00 -3.2860748e+01
 -3.7744491e+00  1.2278681e+00  2.0277240e+00 -2.6346464e+00
  4.8192625e+00 -3.8573315e+00 -1.7083670e+00 -1.0065020e+00
 -2.4637442e+00  6.1187563e+00  0.0000000e+00  0.0000000e+00
  0.0000000e+00  0.0000000e+00  0.0000000e+00  1.0000000e+00
  0.0000000e+00  0.0000000e+00  0.0000000e+00  0.0000000e+00
  0.0000000e+00  0.0000000e+00  0.0000000e+00  0.0000000e+00
  0.0000000e+00  0.0000000e+00  0.0000000e+00]"
Li,1s,"[ -0.9012349    0.45608097  -1.4500529   -0.6898789   -1.8567122
   1.1705838    2.7408226   -2.6115437    1.5616844    1.3683808
   8.815499   -15.821081   -24.882704    -6.8084693    5.2303557
  11.218215   -11.258187    -2.4736776    4.7199664    6.813945
   4.8806677   15.647373     4.0903387   -9.770783     4.5754175
 -19.578485    14.652984    -3.5714178    2.821434    19.832817
   0.           0.           0.           0.           0.
   1.           0.           0.           0.           0.
   0.           0.           0.           0.           0.
   0.           0.        ]"
Mg,1s,"[ -5.154729    5.9465804  10.670059    4.0645475   1.4711417  -4.700593
  -3.4248137   7.2368608   2.2106066   1.001694    3.1300616  16.910944
  -0.938224   -9.653934    2.1135476   5.0811844 -13.3633585  -5.1024632
   7.1678762  -0.1466774  -5.7391005 -12.0310955 -12.899837    7.2709155
  -6.705789  -15.049423    9.562682   -5.9473295   3.1182306  24.971735
   0.          0.          0.          0.          0.          1.
   0.          0.          0.          0.          0.          0.
   0.          0.          0.          0.          0.       ]"
N,1s,"[-1.90788489e-02  1.10672146e-01  2.58232892e-01  9.64961052e-02
 -1.49844551e+00 -1.42321140e-01 -1.85117447e+00 -1.49887466e+00
  1.24981213e+00 -9.68799829e-01 -1.04502380e+00 -2.28391862e+00
 -2.98496914e+00  1.19004059e+00 -9.79245543e-01 -2.85630417e+00
 -3.90690327e-01 -1.23148623e+01 -1.74123144e+00  1.27444706e+01
 -3.05548477e+00 -3.91015816e+01  1.94019508e+01 -2.64531803e+01
  2.27182026e+01 -6.09913111e+00 -1.01971312e+01 -4.08816767e+00
 -1.74292815e+00  1.12079773e+01  0.00000000e+00  0.00000000e+00
  0.00000000e+00  0.00000000e+00  0.00000000e+00  1.00000000e+00
  0.00000000e+00  0.00000000e+00  0.00000000e+00  0.00000000e+00
  0.00000000e+00  0.00000000e+00  0.00000000e+00  0.00000000e+00
  0.00000000e+00  0.00000000e+00  0.00000000e+00]"
Na,1s,"[-6.72564283e-02 -1.49301386e+00  2.84958094e-01  1.79795349e+00
  2.95165420e-01  4.08580666e-03  7.36013174e-01  6.04494452e-01
  3.96647900e-01  7.66017586e-02  9.38924730e-01 -6.11137867e-01
 -2.52593279e+00 -4.18775940e+00  3.57241221e-02  1.25326276e+00
  2.50818461e-01  1.82509029e+00 -3.78588772e+00  3.64402819e+00
  3.56449461e+00  1.33639832e+01 -1.46004647e-01 -1.40668955e+01
  6.21773577e+00 -1.61594257e+01  7.68658829e+00 -1.61937952e+00
  1.90423489e+00  1.32029257e+01  0.00000000e+00  0.00000000e+00
  0.00000000e+00  0.00000000e+00  0.00000000e+00  1.00000000e+00
  0.00000000e+00  0.00000000e+00  0.00000000e+00  0.00000000e+00
  0.00000000e+00  0.00000000e+00  0.00000000e+00  0.00000000e+00
  0.00000000e+00  0.00000000e+00  0.00000000e+00]"
Ne,1s,"[0. 0. 0. 0. 0. 0. 0. 0. 0. 0. 0. 0. 0. 0. 0. 0. 0. 0. 0. 0. 0. 0. 0. 0.
 0. 0. 0. 0. 0. 0. 0. 0. 0. 0. 0. 1. 0. 0. 0. 0. 0. 0. 0. 0. 0. 0. 0.]"
O,1s,"[-1.55833624e-02  3.58803310e-02 -6.73822463e-02  1.46532714e-01
 -2.92999059e-01  9.31050926e-02  2.15932056e-02  4.99155298e-02
  2.35572204e-01  1.46980181e-01 -1.64615601e-01  1.54832363e-01
 -3.62725146e-02  6.56690374e-02  5.72021157e-02 -5.68120889e-02
  2.07594424e-01  1.01689434e+00  7.28949904e-01  8.78592014e-01
  4.17987674e-01 -4.18934412e-03  5.43735087e-01 -3.64732432e+00
 -7.63581705e+00  2.76771760e+00  4.10781431e+00  7.08855820e+00
 -1.08043655e+02  2.53370819e+01  0.00000000e+00  0.00000000e+00
  0.00000000e+00  0.00000000e+00  0.00000000e+00  1.00000000e+00
  0.00000000e+00  0.00000000e+00  0.00000000e+00  0.00000000e+00
  0.00000000e+00  0.00000000e+00  0.00000000e+00  0.00000000e+00
  0.00000000e+00  0.00000000e+00  0.00000000e+00]"
P,1s,"[ -1.9313763   -0.8392511   -2.7274432    1.5616491   -3.907397
   6.9232087    8.176499   -10.127309   -12.732142    -3.0049806
  -8.08307      7.1805305    0.40226084  -2.578699     3.5029168
  15.057775    -9.6488495   26.511156     7.9138484   -9.332666
   3.1973119   -5.7380323    1.3304219   -6.2236075    6.177804
  -1.6576347  -15.967611    -5.2208424    0.10615517  11.846115
   0.           0.           0.           0.           0.
   1.           0.           0.           0.           0.
   0.           0.           0.           0.           0.
   0.           0.        ]"
S,1s,"[ -1.5537075   -3.214359     3.075949     1.0015279   12.145761
 -10.211954     5.2780147  -11.764229     0.93122363  -6.9328356
  -1.7377665    0.10965986  -1.2394185   -0.05457148   0.12078401
  -1.0056809   -1.7431095   -3.4820607   -6.330928     9.415816
  -3.12071      6.4898715  -11.181465    26.477331    38.564945
  -3.1400862  -12.7081995   -4.3019013  -11.172166    12.918784
   0.           0.           0.           0.           0.
   1.           0.           0.           0.           0.
   0.           0.           0.           0.           0.
   0.           0.        ]"
Si,2p,"[-10.992179    -9.562131    -8.924438   -11.474645     0.28015926
   0.6046428   -5.362463     0.45393914  12.579884    -2.3503854
  -2.3691604    4.101119     2.6669805    0.23004152   6.960393
   8.600884    -2.7340877   -9.881992    -6.6277094    3.2898638
  27.720339     1.9938782   -2.4197698    0.5002334  -12.573558
  -3.0254297  -28.376532   -11.166237     1.0821358   17.519709
   0.           0.           0.           0.           0.
   0.           1.           0.           0.           0.
   0.           0.           0.           0.           0.
   0.           0.        ]"
Al,2p3/2,"[  3.3200955  -13.026266     2.3983557    9.585054    -0.08075631
  -0.4042556    0.6127792    5.5346003   -0.04041623   2.5640242
 -10.074795     1.0122411   -5.132888     3.3790689   -2.65029
  22.706438    12.156343    -5.0634284  -14.111139     5.793155
 -24.627628     3.264135     8.847523     5.666402   -13.823504
  -3.9205635  -12.08079     -8.737806     2.7170894   21.822634
   1.           0.           0.           0.           0.
   0.           0.           0.           0.           0.
   0.           0.           0.           0.           0.
   0.           0.        ]"
Ar,2p3/2,"[0. 0. 0. 0. 0. 0. 0. 0. 0. 0. 0. 0. 0. 0. 0. 0. 0. 0. 0. 0. 0. 0. 0. 0.
 0. 0. 0. 0. 0. 0. 1. 0. 0. 0. 0. 0. 0. 0. 0. 0. 0. 0. 0. 0. 0. 0. 0.]"
As,2p3/2,"[-1.1718847e-02  2.3879740e-01 -1.0764568e+00 -4.9528757e-01
  1.8454446e+00 -1.5969464e+00 -5.9475100e-01  3.7274134e-01
 -2.7826819e+00 -5.6618893e-01 -3.3223608e+00 -1.8580607e-01
 -5.9000432e-01 -1.3676779e+00  3.5131598e-01  4.5730181e+00
 -4.3951602e+00  1.8305880e+01  3.9786706e+00 -5.7276793e+00
 -9.8307943e-01 -3.6501331e+00  2.5077338e+00 -3.7798154e+00
  3.5886250e+00 -1.7189006e+00 -1.2541540e+01 -3.3751881e+00
  3.9599806e-01  1.1819060e+01  1.0000000e+00  0.0000000e+00
  0.0000000e+00  0.0000000e+00  0.0000000e+00  0.0000000e+00
  0.0000000e+00  0.0000000e+00  0.0000000e+00  0.0000000e+00
  0.0000000e+00  0.0000000e+00  0.0000000e+00  0.0000000e+00
  0.0000000e+00  0.0000000e+00  0.0000000e+00]"
Ca,2p3/2,"[  0.3907867    1.6499451    1.9238738   -0.631671     0.389694
  -0.7077164   -0.06260177   0.439641     1.3924478   -1.0533762
  -1.5830235   -5.4975157    1.2814696    0.7956076   -1.797305
   6.5600877    6.936251     1.0583819    0.99143803  -2.2583756
   3.4771452  -11.786094   -20.475473     0.37258118  -1.6420597
  -9.729761     9.650365     4.505725     3.4299576   18.622253
   1.           0.           0.           0.           0.
   0.           0.           0.           0.           0.
   0.           0.           0.           0.           0.
   0.           0.        ]"
Cl,2p3/2,"[ -0.70466      1.0008575   -0.2830009    0.6930721    0.8319003
  -3.982272    -0.5388599   -8.4065695    4.5707493   19.130367
  -0.47557133  -0.7925186    0.5745683    0.552666     0.30171692
  -0.34352714  -3.0012338   -8.39864     -5.805566   -25.717577
  -3.201011     1.5989435    1.743074    -3.3120675    6.4129486
  -3.0207512   -2.509946    -1.7236971   -1.5442836    7.539581
   1.           0.           0.           0.           0.
   0.           0.           0.           0.           0.
   0.           0.           0.           0.           0.
   0.           0.        ]"
Co,2p3/2,"[ 17.004364    -3.7701132   -5.1480327   -7.2327547  -11.555667
 -15.744386     7.2088323    2.7049363   -1.7114115    0.8296856
  -0.6948417    1.0879169   -0.7075442  -12.506054     0.9169511
   0.44444945   0.2387775    3.4284694  -12.822748     0.70488256
   3.6114428   -3.55351     -1.5196495   -1.0417506    0.9804298
  20.527315    12.593443   -18.452648     3.4877172   22.155258
   1.           0.           0.           0.           0.
   0.           0.           0.           0.           0.
   0.           0.           0.           0.           0.
   0.           0.        ]"
Cr,2p3/2,"[ 1.5332778   0.5479383  -1.835447    2.4086185   0.3482442   4.778814
  0.27809438 -3.2225363   6.030264   -2.5822515   0.38644314 -0.37396115
 -0.9776048   2.4874008   1.657685   -3.9297357  -0.1561197   0.13254571
  2.1078815   1.230751   -5.336219    4.1712694  -7.5793777  -7.5142694
  0.69802815 12.347072   -1.9694469  -6.2480803   2.9045844  15.47288
  1.          0.          0.          0.          0.          0.
  0.          0.          0.          0.          0.          0.
  0.          0.          0.          0.          0.        ]"
Cu,2p3/2,"[ -6.630995     4.890556     5.2060933   -0.35055614  -8.163527
 -10.205608     9.750619     4.715629     0.27843598  -0.5377937
  -9.640372    -4.5987954    7.111021    31.002748     5.4841266
   0.4709102  -11.233867     0.6056217    0.30492166   2.5487802
   4.517505     2.8574476    8.248802     2.2968132    0.22370422
  -0.5421394   14.934877   -14.967537     2.979333    20.619091
   1.           0.           0.           0.           0.
   0.           0.           0.           0.           0.
   0.           0.           0.           0.           0.
   0.           0.        ]"
Fe,2p3/2,"[ -4.2935424   -3.9782317   18.12504    -13.638001     5.827061
  11.810076    -6.6253524   -1.7617048   -8.48875      2.443978
  -3.2229023   -4.9021506   -0.79445887  -3.799212    14.83158
  -5.7245994   -6.5546484    2.825941   -17.16465      3.4402473
  -6.5506973   -0.10789803  -8.26627     -6.77651     -1.3492
  20.693392     6.580616   -14.281887     3.5711277   21.189611
   1.           0.           0.           0.           0.
   0.           0.           0.           0.           0.
   0.           0.           0.           0.           0.
   0.           0.        ]"
K,2p3/2,"[ -0.6772255    1.6360922    1.4553658    2.9692633    2.4447536
  -0.67203987  -2.9491382    2.69993     -1.7720793   -0.78971004
  -4.2115583    7.9349184    9.971071    -3.6867204   -3.4586065
  -1.9624567    5.731794     2.8253891   -8.322042     3.4732647
   3.2258668   13.683833     0.10002983 -17.242176     8.050529
 -14.4468975    5.8363867   -2.2208614    1.3206172   11.495351
   1.           0.           0.           0.           0.
   0.           0.           0.           0.           0.
   0.           0.           0.           0.           0.
   0.           0.        ]"
Mg,2p3/2,"[ -5.154729    5.9465804  10.670059    4.0645475   1.4711417  -4.700593
  -3.4248137   7.2368608   2.2106066   1.001694    3.1300616  16.910944
  -0.938224   -9.653934    2.1135476   5.0811844 -13.3633585  -5.1024632
   7.1678762  -0.1466774  -5.7391005 -12.0310955 -12.899837    7.2709155
  -6.705789  -15.049423    9.562682   -5.9473295   3.1182306  24.971735
   1.          0.          0.          0.          0.          0.
   0.          0.          0.          0.          0.          0.
   0.          0.          0.          0.          0.       ]"
Mn,2p3/2,"[ -3.9815564    4.403521   -21.758554    17.20478      7.898192
   2.302147    -6.7247667   -0.19980149  -3.6291766    1.1044823
  -4.882051    -1.0687459   -0.179598     2.1730802   10.988959
  -5.0488677   -8.065667    -4.0110435   -2.6188025    3.5146701
  -5.628383    -0.6143616  -12.877557    -6.2142467   -1.8467121
  15.808345     6.0490417  -13.062902     3.9633358   21.430113
   1.           0.           0.           0.           0.
   0.           0.           0.           0.           0.
   0.           0.           0.           0.           0.
   0.           0.        ]"
Ni,2p3/2,"[ -6.645749     1.713616    -0.8533104    1.7463892    2.1296206
   6.7150855    1.6354947   -2.3545647    6.1258335   -0.35774764
   7.783255     8.172891    -5.981408     1.9897661  -29.98008
   4.7924323   -4.929729     5.747169   -12.440539    -0.8825456
  11.234259    -4.0596056    5.8923335    4.3825965    2.7421222
  19.009888    17.101418   -19.887348     3.2982004   24.088673
   1.           0.           0.           0.           0.
   0.           0.           0.           0.           0.
   0.           0.           0.           0.           0.
   0.           0.        ]"
P,2p3/2,"[ -1.9313763   -0.8392511   -2.7274432    1.5616491   -3.907397
   6.9232087    8.176499   -10.127309   -12.732142    -3.0049806
  -8.08307      7.1805305    0.40226084  -2.578699     3.5029168
  15.057775    -9.6488495   26.511156     7.9138484   -9.332666
   3.1973119   -5.7380323    1.3304219   -6.2236075    6.177804
  -1.6576347  -15.967611    -5.2208424    0.10615517  11.846115
   1.           0.           0.           0.           0.
   0.           0.           0.           0.           0.
   0.           0.           0.           0.           0.
   0.           0.        ]"
S,2p3/2,"[ -1.5537075   -3.214359     3.075949     1.0015279   12.145761
 -10.211954     5.2780147  -11.764229     0.93122363  -6.9328356
  -1.7377665    0.10965986  -1.2394185   -0.05457148   0.12078401
  -1.0056809   -1.7431095   -3.4820607   -6.330928     9.415816
  -3.12071      6.4898715  -11.181465    26.477331    38.564945
  -3.1400862  -12.7081995   -4.3019013  -11.172166    12.918784
   1.           0.           0.           0.           0.
   0.           0.           0.           0.           0.
   0.           0.           0.           0.           0.
   0.           0.        ]"
Se,2p3/2,"[  2.9543586    5.7417903   -4.842244    -1.8075563  -12.244311
   8.181962    -5.0041137   10.795849    -1.5635709    4.9115644
  -0.2578863   -0.7147495   -0.25107852   0.35993358   0.16126353
  -0.09567432  -0.64359784  -0.43201342  -2.2711763    4.2516317
  -1.2370299    4.378521    -6.7535625   15.984475    25.237562
  -2.018065    -9.774836    -3.4792347   -5.991539    11.038057
   1.           0.           0.           0.           0.
   0.           0.           0.           0.           0.
   0.           0.           0.           0.           0.
   0.           0.        ]"
Si,2p3/2,"[-10.992179    -9.562131    -8.924438   -11.474645     0.28015926
   0.6046428   -5.362463     0.45393914  12.579884    -2.3503854
  -2.3691604    4.101119     2.6669805    0.23004152   6.960393
   8.600884    -2.7340877   -9.881992    -6.6277094    3.2898638
  27.720339     1.9938782   -2.4197698    0.5002334  -12.573558
  -3.0254297  -28.376532   -11.166237     1.0821358   17.519709
   1.           0.           0.           0.           0.
   0.           0.           0.           0.           0.
   0.           0.           0.           0.           0.
   0.           0.        ]"
Ti,2p3/2,"[ 1.7684791  -0.04161433 -4.9876766  -5.5249653   0.51095176 -4.3831506
 -3.089688   -0.12420903 -7.756552    0.10472528 -0.62358576  0.7865466
 -2.391079    3.356666   -6.3833528   0.4781748   0.8243564  -9.865053
 10.682061    2.6723228  -3.2567463   6.824772   -6.3812704  -8.008065
 -0.29445314 11.273352   -4.914519   -3.3338563   3.1598754  18.246935
  1.          0.          0.          0.          0.          0.
  0.          0.          0.          0.          0.          0.
  0.          0.          0.          0.          0.        ]"
V,2p3/2,"[  6.391816     0.3732242   -4.1535273    1.5112829    0.1118573
   2.9481926    1.5537863   -3.5346773    5.544824    -2.6688702
   0.19229783   0.69481593  -0.80160576   3.5279493   -0.7527951
  -1.3507658    0.16348207  -0.5008245    7.892069     0.47759858
  -4.741139     5.2780514   -8.232076   -10.64204      1.4334143
  12.444867    -4.6300964   -6.5310884    2.8868442   15.464525
   1.           0.           0.           0.           0.
   0.           0.           0.           0.           0.
   0.           0.           0.           0.           0.
   0.           0.        ]"
Zn,2p3/2,"[  4.8023996   -1.4093881   -0.6706622    1.7053568    0.36528254
  -1.6604464   -1.0918008    1.3501247    3.0212147   -0.4934633
   0.06554338   9.984281     1.5655079   -2.5986688    4.2429814
   0.47761273  -9.050116    -2.9478967    6.2581143    0.90071326
  -4.378846    -8.295111    -4.7923903    7.9051075   -6.5990586
 -11.055583     8.274007   -11.691608     2.497909    21.392353
   1.           0.           0.           0.           0.
   0.           0.           0.           0.           0.
   0.           0.           0.           0.           0.
   0.           0.        ]"
Ar,2s,"[0. 0. 0. 0. 0. 0. 0. 0. 0. 0. 0. 0. 0. 0. 0. 0. 0. 0. 0. 0. 0. 0. 0. 0.
 0. 0. 0. 0. 0. 0. 0. 0. 1. 0. 0. 0. 0. 0. 0. 0. 0. 0. 0. 0. 0. 0. 0.]"
Ca,2s,"[  0.3907867    1.6499451    1.9238738   -0.631671     0.389694
  -0.7077164   -0.06260177   0.439641     1.3924478   -1.0533762
  -1.5830235   -5.4975157    1.2814696    0.7956076   -1.797305
   6.5600877    6.936251     1.0583819    0.99143803  -2.2583756
   3.4771452  -11.786094   -20.475473     0.37258118  -1.6420597
  -9.729761     9.650365     4.505725     3.4299576   18.622253
   0.           0.           1.           0.           0.
   0.           0.           0.           0.           0.
   0.           0.           0.           0.           0.
   0.           0.        ]"
Cl,2s,"[ -0.70466      1.0008575   -0.2830009    0.6930721    0.8319003
  -3.982272    -0.5388599   -8.4065695    4.5707493   19.130367
  -0.47557133  -0.7925186    0.5745683    0.552666     0.30171692
  -0.34352714  -3.0012338   -8.39864     -5.805566   -25.717577
  -3.201011     1.5989435    1.743074    -3.3120675    6.4129486
  -3.0207512   -2.509946    -1.7236971   -1.5442836    7.539581
   0.           0.           1.           0.           0.
   0.           0.           0.           0.           0.
   0.           0.           0.           0.           0.
   0.           0.        ]"
Mg,2s,"[ -5.154729    5.9465804  10.670059    4.0645475   1.4711417  -4.700593
  -3.4248137   7.2368608   2.2106066   1.001694    3.1300616  16.910944
  -0.938224   -9.653934    2.1135476   5.0811844 -13.3633585  -5.1024632
   7.1678762  -0.1466774  -5.7391005 -12.0310955 -12.899837    7.2709155
  -6.705789  -15.049423    9.562682   -5.9473295   3.1182306  24.971735
   0.          0.          1.          0.          0.          0.
   0.          0.          0.          0.          0.          0.
   0.          0.          0.          0.          0.       ]"
Na,2s,"[-6.72564283e-02 -1.49301386e+00  2.84958094e-01  1.79795349e+00
  2.95165420e-01  4.08580666e-03  7.36013174e-01  6.04494452e-01
  3.96647900e-01  7.66017586e-02  9.38924730e-01 -6.11137867e-01
 -2.52593279e+00 -4.18775940e+00  3.57241221e-02  1.25326276e+00
  2.50818461e-01  1.82509029e+00 -3.78588772e+00  3.64402819e+00
  3.56449461e+00  1.33639832e+01 -1.46004647e-01 -1.40668955e+01
  6.21773577e+00 -1.61594257e+01  7.68658829e+00 -1.61937952e+00
  1.90423489e+00  1.32029257e+01  0.00000000e+00  0.00000000e+00
  1.00000000e+00  0.00000000e+00  0.00000000e+00  0.00000000e+00
  0.00000000e+00  0.00000000e+00  0.00000000e+00  0.00000000e+00
  0.00000000e+00  0.00000000e+00  0.00000000e+00  0.00000000e+00
  0.00000000e+00  0.00000000e+00  0.00000000e+00]"
Ne,2s,"[0. 0. 0. 0. 0. 0. 0. 0. 0. 0. 0. 0. 0. 0. 0. 0. 0. 0. 0. 0. 0. 0. 0. 0.
 0. 0. 0. 0. 0. 0. 0. 0. 1. 0. 0. 0. 0. 0. 0. 0. 0. 0. 0. 0. 0. 0. 0.]"
P,2s,"[ -1.9313763   -0.8392511   -2.7274432    1.5616491   -3.907397
   6.9232087    8.176499   -10.127309   -12.732142    -3.0049806
  -8.08307      7.1805305    0.40226084  -2.578699     3.5029168
  15.057775    -9.6488495   26.511156     7.9138484   -9.332666
   3.1973119   -5.7380323    1.3304219   -6.2236075    6.177804
  -1.6576347  -15.967611    -5.2208424    0.10615517  11.846115
   0.           0.           1.           0.           0.
   0.           0.           0.           0.           0.
   0.           0.           0.           0.           0.
   0.           0.        ]"
S,2s,"[ -1.5537075   -3.214359     3.075949     1.0015279   12.145761
 -10.211954     5.2780147  -11.764229     0.93122363  -6.9328356
  -1.7377665    0.10965986  -1.2394185   -0.05457148   0.12078401
  -1.0056809   -1.7431095   -3.4820607   -6.330928     9.415816
  -3.12071      6.4898715  -11.181465    26.477331    38.564945
  -3.1400862  -12.7081995   -4.3019013  -11.172166    12.918784
   0.           0.           1.           0.           0.
   0.           0.           0.           0.           0.
   0.           0.           0.           0.           0.
   0.           0.        ]"
As,3d,"[-1.1718847e-02  2.3879740e-01 -1.0764568e+00 -4.9528757e-01
  1.8454446e+00 -1.5969464e+00 -5.9475100e-01  3.7274134e-01
 -2.7826819e+00 -5.6618893e-01 -3.3223608e+00 -1.8580607e-01
 -5.9000432e-01 -1.3676779e+00  3.5131598e-01  4.5730181e+00
 -4.3951602e+00  1.8305880e+01  3.9786706e+00 -5.7276793e+00
 -9.8307943e-01 -3.6501331e+00  2.5077338e+00 -3.7798154e+00
  3.5886250e+00 -1.7189006e+00 -1.2541540e+01 -3.3751881e+00
  3.9599806e-01  1.1819060e+01  0.0000000e+00  0.0000000e+00
  0.0000000e+00  0.0000000e+00  0.0000000e+00  0.0000000e+00
  0.0000000e+00  0.0000000e+00  0.0000000e+00  0.0000000e+00
  0.0000000e+00  0.0000000e+00  0.0000000e+00  1.0000000e+00
  0.0000000e+00  0.0000000e+00  0.0000000e+00]"
Ge,3d,"[ 17.869097    13.324444    10.245687     9.193741     1.5803112
   0.2995469    1.1152759   -2.735397    -3.281635     0.15330513
  -2.3441458   -2.823208    -1.110639    -0.82522184   0.13326256
  -4.405872    -2.649272    -5.9966598   -4.914857     2.3984642
  22.574402     0.73400676  -2.066762     1.5234355  -13.338242
  -4.9196715  -25.206293   -11.647255     1.2524304   17.99907
   0.           0.           0.           0.           0.
   0.           0.           0.           0.           0.
   0.           0.           0.           1.           0.
   0.           0.        ]"
Se,3d,"[  2.9543586    5.7417903   -4.842244    -1.8075563  -12.244311
   8.181962    -5.0041137   10.795849    -1.5635709    4.9115644
  -0.2578863   -0.7147495   -0.25107852   0.35993358   0.16126353
  -0.09567432  -0.64359784  -0.43201342  -2.2711763    4.2516317
  -1.2370299    4.378521    -6.7535625   15.984475    25.237562
  -2.018065    -9.774836    -3.4792347   -5.991539    11.038057
   0.           0.           0.           0.           0.
   0.           0.           0.           0.           0.
   0.           0.           0.           1.           0.
   0.           0.        ]"
Ag,3d5/2,"[  6.735933    -6.153499    -1.8008256   -2.9908068    0.48990375
   2.2316253   -0.21028805  -1.2430507    0.94597477   0.09425366
  -1.2222649   -0.81588507   2.032324     7.849218     3.0435503
  -3.0817854   -3.3048282    0.6487707    4.5218997    0.80362695
   0.49908733   4.5457454    8.526806     1.712713     0.55380374
 -10.5964365    8.409174    -7.5938244    1.912712    16.921257
   0.           0.           0.           0.           0.
   0.           0.           0.           0.           0.
   0.           0.           1.           0.           0.
   0.           0.        ]"
Ba,3d5/2,"[ -0.98508227   0.97731876  -1.9006263   -2.5537155    0.37017724
   0.8784343    0.57754844  -2.0918      -0.20863739  -1.0341185
  -2.9103293   -9.938357     3.3410227    3.8972766   -3.0186384
   5.769911    13.141345     2.5319126   -1.3618816   -3.435111
   4.1542735   -9.8750725  -20.505466    -2.5208473    0.31660128
  -7.6094923    8.139202     0.9169483    2.2268515   14.193988
   0.           0.           0.           0.           0.
   0.           0.           0.           0.           0.
   0.           0.           1.           0.           0.
   0.           0.        ]"
Br,3d5/2,"[ -0.40440133   0.46661174   0.15535164   0.05825219  -0.12679347
  -1.8803284   -0.6494457   -5.8282604    2.8710186   13.897072
  -0.39159268  -0.07407966   0.9896581    0.2904672    0.19132987
  -0.39054382  -1.6995047   -5.3915753   -3.7032607  -18.005947
  -2.0257187    0.9494995    1.4581499   -1.9478525    4.601452
  -2.4101222   -2.0602176   -1.5429689   -1.1483005    6.529673
   0.           0.           0.           0.           0.
   0.           0.           0.           0.           0.
   0.           0.           1.           0.           0.
   0.           0.        ]"
Cd,3d5/2,"[  3.0694578   -5.409037    -2.6106746   -1.7486782   -1.0190909
   2.4943461    0.5137323   -2.1595044    2.562415     0.07137689
   1.8895617    5.534101     1.8605784   -0.8306246    1.315597
  -5.5869226   -5.5594673   -0.88520503   3.3873372    0.2671239
  -4.4143853   -6.3480105   -4.9544754    6.161718    -5.5293217
 -11.296817     4.8442106   -6.295999     2.0932806   17.12358
   0.           0.           0.           0.           0.
   0.           0.           0.           0.           0.
   0.           0.           1.           0.           0.
   0.           0.        ]"
Cs,3d5/2,"[ -0.44213164   1.5374962    0.28662083   1.6966968    2.0037577
  -0.7508997   -1.9113164    2.1214254   -1.5035046   -0.56881016
  -3.553841     6.6002107    8.368246    -1.8967209   -2.3314512
  -1.7668583    3.539172     1.7855934   -5.634008     3.2278738
   2.3145344    9.852146     0.74221355 -12.785627     5.826611
  -9.7445755    3.9338608   -1.7505268    0.8634509    7.125451
   0.           0.           0.           0.           0.
   0.           0.           0.           0.           0.
   0.           0.           1.           0.           0.
   0.           0.        ]"
Ga,3d5/2,"[-2.9733870e+00  2.4223680e+01 -1.9440979e+00 -6.7897301e+00
  2.7342422e+00  3.0415320e+00  5.2563983e-01 -4.1936159e+00
  7.9743743e-02 -1.2062340e+00  1.2538997e-02 -2.8360031e+00
 -2.2593961e+00  2.0336678e+00 -2.3590608e+00  3.1287749e+00
  6.3521280e+00  2.0858441e-01 -7.7814407e+00  3.3952136e+00
 -1.4403000e+01  2.3577862e+00  7.5485730e+00  5.1975222e+00
 -1.1678984e+01 -6.0030022e+00 -1.1130433e+01 -7.4877648e+00
  2.3920145e+00  2.0356766e+01  0.0000000e+00  0.0000000e+00
  0.0000000e+00  0.0000000e+00  0.0000000e+00  0.0000000e+00
  0.0000000e+00  0.0000000e+00  0.0000000e+00  0.0000000e+00
  0.0000000e+00  0.0000000e+00  1.0000000e+00  0.0000000e+00
  0.0000000e+00  0.0000000e+00  0.0000000e+00]"
I,3d5/2,"[ -0.10133949   0.11563325   0.23077004   0.01522054  -0.32204333
  -0.9350829   -0.51595616  -4.7972026    1.881241    11.42956
  -0.47717783   0.14837438   1.1038632    0.04820552   0.36423182
   0.31157836  -1.1678413   -3.648412    -2.3049998  -15.015307
  -2.0699706    0.6222558    1.3242555   -1.8352039    4.2933817
  -1.8356514   -2.413033    -1.5708714   -0.8800207    6.451472
   0.           0.           0.           0.           0.
   0.           0.           0.           0.           0.
   0.           0.           1.           0.           0.
   0.           0.        ]"
Kr,3d5/2,"[ 1.5414591e-02 -2.1940866e-02  2.1017232e-04  1.5877122e-02
 -4.4053965e-03  2.1395776e-03  1.8889034e-02 -4.4355802e-03
 -2.4840314e-02  1.5075128e-04  1.0978154e-02 -1.1780471e-02
  1.9172756e-02  4.1250281e-02 -4.9583078e-03 -2.7350677e-02
  1.0215115e-02 -1.2112465e-03 -7.0389980e-03  4.3836455e-03
  1.3770756e-02 -2.6800567e-02 -3.4044512e-02 -1.3532881e-02
 -6.9864341e-03 -1.4554782e-02  1.9438837e-02 -1.9026466e-02
 -1.7648360e-03  3.2226257e-02  0.0000000e+00  0.0000000e+00
  0.0000000e+00  0.0000000e+00  0.0000000e+00  0.0000000e+00
  0.0000000e+00  0.0000000e+00  0.0000000e+00  0.0000000e+00
  0.0000000e+00  0.0000000e+00  1.0000000e+00  0.0000000e+00
  0.0000000e+00  0.0000000e+00  0.0000000e+00]"
Mo,3d5/2,"[-1.3007088  -1.4463001   9.196933    6.167217   -4.6610475   6.471508
  4.0158134  -1.6837525  14.831603   -3.8088636   1.9585431   0.9609006
  0.29084635  1.2381475   1.0457382  -1.1541139   3.8996904  -1.1341178
  8.082312   -0.15549539 -3.5734677   4.807542   -4.395429   -6.0253735
  3.6757731   8.433908   -3.7739382  -3.944648    1.4872881   9.927967
  0.          0.          0.          0.          0.          0.
  0.          0.          0.          0.          0.          0.
  1.          0.          0.          0.          0.        ]"
Rh,3d5/2,"[ -3.3424845    2.0524366   -1.6262122    0.6395703   -0.5103812
  -3.5082023   -1.9425102   -1.0951294   -0.5375684   -2.1315105
  -0.88936406  -3.4333794    2.7551072   -9.691456     4.7963357
   0.5950912   11.339205     0.38291568   6.3455806   -2.4035633
   4.560727    -0.45777053  13.2569685    7.4479403    1.8876961
   5.5118465    7.0913286  -11.644118     1.5962993   17.36936
   0.           0.           0.           0.           0.
   0.           0.           0.           0.           0.
   0.           0.           1.           0.           0.
   0.           0.        ]"
Sb,3d5/2,"[ -1.1309366    0.18491003   1.8522081   -1.204585     8.305841
 -13.054563    -9.50004     14.293682     9.562435     1.1100929
   3.1938431   -7.7963142   -3.6541204    0.43202415  -3.3654132
  -6.4438586   -2.8067155   20.385918     3.2325687   -4.185304
  -5.5687203   -0.76199096   0.9626852   -3.605172    -0.0676995
   0.06396438 -15.900205    -5.098928     1.2446958   16.609077
   0.           0.           0.           0.           0.
   0.           0.           0.           0.           0.
   0.           0.           1.           0.           0.
   0.           0.        ]"
Sn,3d5/2,"[ -9.358243   -10.077357     4.3114204   13.070583    -7.3883038
  -1.6273061    6.9447865   -1.39438    -12.876635     2.86104
   3.3628945   -7.594876    -4.387723    -1.4313143   -9.432456
 -19.283699     0.7686101   -0.8066669   -0.39923385   1.6021013
   1.8465029    0.37148046  -4.203486     1.784781   -10.719043
  -6.130711   -14.544572    -9.553327     2.0717342   20.046135
   0.           0.           0.           0.           0.
   0.           0.           0.           0.           0.
   0.           0.           1.           0.           0.
   0.           0.        ]"
Sr,3d5/2,"[ -0.03790596   0.3577278   -1.2794045   -2.4655304    0.16344227
   0.33891514   0.46348083  -1.7072804    0.29863375  -0.54979384
  -2.0147502   -8.990174     1.9273589    3.3324246   -2.7494962
   4.7587667   12.78876      2.6819904   -0.9103561   -3.5652056
   3.936441   -10.027518   -19.202648    -1.3182551   -0.07470435
  -7.8499594    7.8856683    2.342023     2.521021    15.756729
   0.           0.           0.           0.           0.
   0.           0.           0.           0.           0.
   0.           0.           1.           0.           0.
   0.           0.        ]"
Te,3d5/2,"[  0.03041779   1.5839956   -1.4920957   -0.10964064 -16.743294
  12.545083    -6.891741    14.45646     -0.8957686    7.586489
   1.0225849   -0.4856493    0.5544186   -0.06694257  -0.6354464
   0.04104405   1.3847529    0.968148     1.4845456   -0.19896068
   0.3014959    2.1116471   -3.4782722    7.374654    13.669672
  -1.1011214   -6.929904    -3.0033753   -2.6707056   10.750419
   0.           0.           0.           0.           0.
   0.           0.           0.           0.           0.
   0.           0.           1.           0.           0.
   0.           0.        ]"
Xe,3d5/2,"[-2.6083079e-03 -3.7882119e-02  5.3416792e-02  4.4250146e-02
  6.1888597e-03  5.0339039e-02  3.8636662e-02  1.7927986e-02
  6.6613674e-02  4.3973185e-02  6.1322216e-02 -1.0696542e-03
  4.8013180e-02  1.4092377e-02 -7.3537240e-03 -5.1570188e-02
  8.1885785e-02 -4.1739065e-03  4.4345863e-02 -4.9567539e-02
  7.6973886e-04  2.8599592e-02 -6.9470949e-02 -4.6514727e-02
  7.7304967e-02  1.5285211e-02 -1.7960818e-02 -4.1993804e-02
  1.6138539e-02  1.7746051e-01  0.0000000e+00  0.0000000e+00
  0.0000000e+00  0.0000000e+00  0.0000000e+00  0.0000000e+00
  0.0000000e+00  0.0000000e+00  0.0000000e+00  0.0000000e+00
  0.0000000e+00  0.0000000e+00  1.0000000e+00  0.0000000e+00
  0.0000000e+00  0.0000000e+00  0.0000000e+00]"
Zn,3d5/2,"[  4.8023996   -1.4093881   -0.6706622    1.7053568    0.36528254
  -1.6604464   -1.0918008    1.3501247    3.0212147   -0.4934633
   0.06554338   9.984281     1.5655079   -2.5986688    4.2429814
   0.47761273  -9.050116    -2.9478967    6.2581143    0.90071326
  -4.378846    -8.295111    -4.7923903    7.9051075   -6.5990586
 -11.055583     8.274007   -11.691608     2.497909    21.392353
   0.           0.           0.           0.           0.
   0.           0.           0.           0.           0.
   0.           0.           1.           0.           0.
   0.           0.        ]"
Cd,3p,"[  3.0694578   -5.409037    -2.6106746   -1.7486782   -1.0190909
   2.4943461    0.5137323   -2.1595044    2.562415     0.07137689
   1.8895617    5.534101     1.8605784   -0.8306246    1.315597
  -5.5869226   -5.5594673   -0.88520503   3.3873372    0.2671239
  -4.4143853   -6.3480105   -4.9544754    6.161718    -5.5293217
 -11.296817     4.8442106   -6.295999     2.0932806   17.12358
   0.           0.           0.           0.           0.
   0.           0.           0.           0.           0.
   1.           0.           0.           0.           0.
   0.           0.        ]"
Co,3p,"[ 17.004364    -3.7701132   -5.1480327   -7.2327547  -11.555667
 -15.744386     7.2088323    2.7049363   -1.7114115    0.8296856
  -0.6948417    1.0879169   -0.7075442  -12.506054     0.9169511
   0.44444945   0.2387775    3.4284694  -12.822748     0.70488256
   3.6114428   -3.55351     -1.5196495   -1.0417506    0.9804298
  20.527315    12.593443   -18.452648     3.4877172   22.155258
   0.           0.           0.           0.           0.
   0.           0.           0.           0.           0.
   1.           0.           0.           0.           0.
   0.           0.        ]"
Cu,3p,"[ -6.630995     4.890556     5.2060933   -0.35055614  -8.163527
 -10.205608     9.750619     4.715629     0.27843598  -0.5377937
  -9.640372    -4.5987954    7.111021    31.002748     5.4841266
   0.4709102  -11.233867     0.6056217    0.30492166   2.5487802
   4.517505     2.8574476    8.248802     2.2968132    0.22370422
  -0.5421394   14.934877   -14.967537     2.979333    20.619091
   0.           0.           0.           0.           0.
   0.           0.           0.           0.           0.
   1.           0.           0.           0.           0.
   0.           0.        ]"
Ni,3p,"[ -6.645749     1.713616    -0.8533104    1.7463892    2.1296206
   6.7150855    1.6354947   -2.3545647    6.1258335   -0.35774764
   7.783255     8.172891    -5.981408     1.9897661  -29.98008
   4.7924323   -4.929729     5.747169   -12.440539    -0.8825456
  11.234259    -4.0596056    5.8923335    4.3825965    2.7421222
  19.009888    17.101418   -19.887348     3.2982004   24.088673
   0.           0.           0.           0.           0.
   0.           0.           0.           0.           0.
   1.           0.           0.           0.           0.
   0.           0.        ]"
Ti,3p,"[ 1.7684791  -0.04161433 -4.9876766  -5.5249653   0.51095176 -4.3831506
 -3.089688   -0.12420903 -7.756552    0.10472528 -0.62358576  0.7865466
 -2.391079    3.356666   -6.3833528   0.4781748   0.8243564  -9.865053
 10.682061    2.6723228  -3.2567463   6.824772   -6.3812704  -8.008065
 -0.29445314 11.273352   -4.914519   -3.3338563   3.1598754  18.246935
  0.          0.          0.          0.          0.          0.
  0.          0.          0.          0.          1.          0.
  0.          0.          0.          0.          0.        ]"
Br,3p3/2,"[ -0.40440133   0.46661174   0.15535164   0.05825219  -0.12679347
  -1.8803284   -0.6494457   -5.8282604    2.8710186   13.897072
  -0.39159268  -0.07407966   0.9896581    0.2904672    0.19132987
  -0.39054382  -1.6995047   -5.3915753   -3.7032607  -18.005947
  -2.0257187    0.9494995    1.4581499   -1.9478525    4.601452
  -2.4101222   -2.0602176   -1.5429689   -1.1483005    6.529673
   0.           0.           0.           0.           0.
   0.           0.           0.           0.           1.
   0.           0.           0.           0.           0.
   0.           0.        ]"
Ca,3p3/2,"[  0.3907867    1.6499451    1.9238738   -0.631671     0.389694
  -0.7077164   -0.06260177   0.439641     1.3924478   -1.0533762
  -1.5830235   -5.4975157    1.2814696    0.7956076   -1.797305
   6.5600877    6.936251     1.0583819    0.99143803  -2.2583756
   3.4771452  -11.786094   -20.475473     0.37258118  -1.6420597
  -9.729761     9.650365     4.505725     3.4299576   18.622253
   0.           0.           0.           0.           0.
   0.           0.           0.           0.           1.
   0.           0.           0.           0.           0.
   0.           0.        ]"
Cs,3p3/2,"[ -0.44213164   1.5374962    0.28662083   1.6966968    2.0037577
  -0.7508997   -1.9113164    2.1214254   -1.5035046   -0.56881016
  -3.553841     6.6002107    8.368246    -1.8967209   -2.3314512
  -1.7668583    3.539172     1.7855934   -5.634008     3.2278738
   2.3145344    9.852146     0.74221355 -12.785627     5.826611
  -9.7445755    3.9338608   -1.7505268    0.8634509    7.125451
   0.           0.           0.           0.           0.
   0.           0.           0.           0.           1.
   0.           0.           0.           0.           0.
   0.           0.        ]"
Kr,3p3/2,"[ 1.5414591e-02 -2.1940866e-02  2.1017232e-04  1.5877122e-02
 -4.4053965e-03  2.1395776e-03  1.8889034e-02 -4.4355802e-03
 -2.4840314e-02  1.5075128e-04  1.0978154e-02 -1.1780471e-02
  1.9172756e-02  4.1250281e-02 -4.9583078e-03 -2.7350677e-02
  1.0215115e-02 -1.2112465e-03 -7.0389980e-03  4.3836455e-03
  1.3770756e-02 -2.6800567e-02 -3.4044512e-02 -1.3532881e-02
 -6.9864341e-03 -1.4554782e-02  1.9438837e-02 -1.9026466e-02
 -1.7648360e-03  3.2226257e-02  0.0000000e+00  0.0000000e+00
  0.0000000e+00  0.0000000e+00  0.0000000e+00  0.0000000e+00
  0.0000000e+00  0.0000000e+00  0.0000000e+00  1.0000000e+00
  0.0000000e+00  0.0000000e+00  0.0000000e+00  0.0000000e+00
  0.0000000e+00  0.0000000e+00  0.0000000e+00]"
Rb,3p3/2,"[ -0.62631524   1.5850945    0.5010122    2.2965295    2.1431322
  -0.8584161   -2.3593013    2.189209    -1.5654453   -0.7246052
  -3.5735216    6.96398      8.9161      -2.5346673   -2.6360586
  -2.388892     4.659551     2.0583625   -7.0335236    2.7543964
   2.6226072   11.381909     0.6979684  -14.485123     6.4028506
 -11.519966     4.7083364   -1.8275874    1.2349943    9.7048
   0.           0.           0.           0.           0.
   0.           0.           0.           0.           1.
   0.           0.           0.           0.           0.
   0.           0.        ]"
Sr,3p3/2,"[ -0.03790596   0.3577278   -1.2794045   -2.4655304    0.16344227
   0.33891514   0.46348083  -1.7072804    0.29863375  -0.54979384
  -2.0147502   -8.990174     1.9273589    3.3324246   -2.7494962
   4.7587667   12.78876      2.6819904   -0.9103561   -3.5652056
   3.936441   -10.027518   -19.202648    -1.3182551   -0.07470435
  -7.8499594    7.8856683    2.342023     2.521021    15.756729
   0.           0.           0.           0.           0.
   0.           0.           0.           0.           1.
   0.           0.           0.           0.           0.
   0.           0.        ]"
Xe,3p3/2,"[-2.6083079e-03 -3.7882119e-02  5.3416792e-02  4.4250146e-02
  6.1888597e-03  5.0339039e-02  3.8636662e-02  1.7927986e-02
  6.6613674e-02  4.3973185e-02  6.1322216e-02 -1.0696542e-03
  4.8013180e-02  1.4092377e-02 -7.3537240e-03 -5.1570188e-02
  8.1885785e-02 -4.1739065e-03  4.4345863e-02 -4.9567539e-02
  7.6973886e-04  2.8599592e-02 -6.9470949e-02 -4.6514727e-02
  7.7304967e-02  1.5285211e-02 -1.7960818e-02 -4.1993804e-02
  1.6138539e-02  1.7746051e-01  0.0000000e+00  0.0000000e+00
  0.0000000e+00  0.0000000e+00  0.0000000e+00  0.0000000e+00
  0.0000000e+00  0.0000000e+00  0.0000000e+00  1.0000000e+00
  0.0000000e+00  0.0000000e+00  0.0000000e+00  0.0000000e+00
  0.0000000e+00  0.0000000e+00  0.0000000e+00]"
Zn,3p3/2,"[  4.8023996   -1.4093881   -0.6706622    1.7053568    0.36528254
  -1.6604464   -1.0918008    1.3501247    3.0212147   -0.4934633
   0.06554338   9.984281     1.5655079   -2.5986688    4.2429814
   0.47761273  -9.050116    -2.9478967    6.2581143    0.90071326
  -4.378846    -8.295111    -4.7923903    7.9051075   -6.5990586
 -11.055583     8.274007   -11.691608     2.497909    21.392353
   0.           0.           0.           0.           0.
   0.           0.           0.           0.           1.
   0.           0.           0.           0.           0.
   0.           0.        ]"
As,3s,"[-1.1718847e-02  2.3879740e-01 -1.0764568e+00 -4.9528757e-01
  1.8454446e+00 -1.5969464e+00 -5.9475100e-01  3.7274134e-01
 -2.7826819e+00 -5.6618893e-01 -3.3223608e+00 -1.8580607e-01
 -5.9000432e-01 -1.3676779e+00  3.5131598e-01  4.5730181e+00
 -4.3951602e+00  1.8305880e+01  3.9786706e+00 -5.7276793e+00
 -9.8307943e-01 -3.6501331e+00  2.5077338e+00 -3.7798154e+00
  3.5886250e+00 -1.7189006e+00 -1.2541540e+01 -3.3751881e+00
  3.9599806e-01  1.1819060e+01  0.0000000e+00  0.0000000e+00
  0.0000000e+00  0.0000000e+00  0.0000000e+00  0.0000000e+00
  0.0000000e+00  0.0000000e+00  0.0000000e+00  0.0000000e+00
  0.0000000e+00  0.0000000e+00  0.0000000e+00  0.0000000e+00
  0.0000000e+00  1.0000000e+00  0.0000000e+00]"
Br,3s,"[ -0.40440133   0.46661174   0.15535164   0.05825219  -0.12679347
  -1.8803284   -0.6494457   -5.8282604    2.8710186   13.897072
  -0.39159268  -0.07407966   0.9896581    0.2904672    0.19132987
  -0.39054382  -1.6995047   -5.3915753   -3.7032607  -18.005947
  -2.0257187    0.9494995    1.4581499   -1.9478525    4.601452
  -2.4101222   -2.0602176   -1.5429689   -1.1483005    6.529673
   0.           0.           0.           0.           0.
   0.           0.           0.           0.           0.
   0.           0.           0.           0.           0.
   1.           0.        ]"
Co,3s,"[ 17.004364    -3.7701132   -5.1480327   -7.2327547  -11.555667
 -15.744386     7.2088323    2.7049363   -1.7114115    0.8296856
  -0.6948417    1.0879169   -0.7075442  -12.506054     0.9169511
   0.44444945   0.2387775    3.4284694  -12.822748     0.70488256
   3.6114428   -3.55351     -1.5196495   -1.0417506    0.9804298
  20.527315    12.593443   -18.452648     3.4877172   22.155258
   0.           0.           0.           0.           0.
   0.           0.           0.           0.           0.
   0.           0.           0.           0.           0.
   1.           0.        ]"
Cu,3s,"[ -6.630995     4.890556     5.2060933   -0.35055614  -8.163527
 -10.205608     9.750619     4.715629     0.27843598  -0.5377937
  -9.640372    -4.5987954    7.111021    31.002748     5.4841266
   0.4709102  -11.233867     0.6056217    0.30492166   2.5487802
   4.517505     2.8574476    8.248802     2.2968132    0.22370422
  -0.5421394   14.934877   -14.967537     2.979333    20.619091
   0.           0.           0.           0.           0.
   0.           0.           0.           0.           0.
   0.           0.           0.           0.           0.
   1.           0.        ]"
Kr,3s,"[ 1.5414591e-02 -2.1940866e-02  2.1017232e-04  1.5877122e-02
 -4.4053965e-03  2.1395776e-03  1.8889034e-02 -4.4355802e-03
 -2.4840314e-02  1.5075128e-04  1.0978154e-02 -1.1780471e-02
  1.9172756e-02  4.1250281e-02 -4.9583078e-03 -2.7350677e-02
  1.0215115e-02 -1.2112465e-03 -7.0389980e-03  4.3836455e-03
  1.3770756e-02 -2.6800567e-02 -3.4044512e-02 -1.3532881e-02
 -6.9864341e-03 -1.4554782e-02  1.9438837e-02 -1.9026466e-02
 -1.7648360e-03  3.2226257e-02  0.0000000e+00  0.0000000e+00
  0.0000000e+00  0.0000000e+00  0.0000000e+00  0.0000000e+00
  0.0000000e+00  0.0000000e+00  0.0000000e+00  0.0000000e+00
  0.0000000e+00  0.0000000e+00  0.0000000e+00  0.0000000e+00
  0.0000000e+00  1.0000000e+00  0.0000000e+00]"
Ni,3s,"[ -6.645749     1.713616    -0.8533104    1.7463892    2.1296206
   6.7150855    1.6354947   -2.3545647    6.1258335   -0.35774764
   7.783255     8.172891    -5.981408     1.9897661  -29.98008
   4.7924323   -4.929729     5.747169   -12.440539    -0.8825456
  11.234259    -4.0596056    5.8923335    4.3825965    2.7421222
  19.009888    17.101418   -19.887348     3.2982004   24.088673
   0.           0.           0.           0.           0.
   0.           0.           0.           0.           0.
   0.           0.           0.           0.           0.
   1.           0.        ]"
Xe,3s,"[-2.6083079e-03 -3.7882119e-02  5.3416792e-02  4.4250146e-02
  6.1888597e-03  5.0339039e-02  3.8636662e-02  1.7927986e-02
  6.6613674e-02  4.3973185e-02  6.1322216e-02 -1.0696542e-03
  4.8013180e-02  1.4092377e-02 -7.3537240e-03 -5.1570188e-02
  8.1885785e-02 -4.1739065e-03  4.4345863e-02 -4.9567539e-02
  7.6973886e-04  2.8599592e-02 -6.9470949e-02 -4.6514727e-02
  7.7304967e-02  1.5285211e-02 -1.7960818e-02 -4.1993804e-02
  1.6138539e-02  1.7746051e-01  0.0000000e+00  0.0000000e+00
  0.0000000e+00  0.0000000e+00  0.0000000e+00  0.0000000e+00
  0.0000000e+00  0.0000000e+00  0.0000000e+00  0.0000000e+00
  0.0000000e+00  0.0000000e+00  0.0000000e+00  0.0000000e+00
  0.0000000e+00  1.0000000e+00  0.0000000e+00]"
Te,4d,"[  0.03041779   1.5839956   -1.4920957   -0.10964064 -16.743294
  12.545083    -6.891741    14.45646     -0.8957686    7.586489
   1.0225849   -0.4856493    0.5544186   -0.06694257  -0.6354464
   0.04104405   1.3847529    0.968148     1.4845456   -0.19896068
   0.3014959    2.1116471   -3.4782722    7.374654    13.669672
  -1.1011214   -6.929904    -3.0033753   -2.6707056   10.750419
   0.           0.           0.           1.           0.
   0.           0.           0.           0.           0.
   0.           0.           0.           0.           0.
   0.           0.        ]"
Ba,4d5/2,"[ -0.98508227   0.97731876  -1.9006263   -2.5537155    0.37017724
   0.8784343    0.57754844  -2.0918      -0.20863739  -1.0341185
  -2.9103293   -9.938357     3.3410227    3.8972766   -3.0186384
   5.769911    13.141345     2.5319126   -1.3618816   -3.435111
   4.1542735   -9.8750725  -20.505466    -2.5208473    0.31660128
  -7.6094923    8.139202     0.9169483    2.2268515   14.193988
   0.           0.           0.           0.           0.
   0.           0.           0.           0.           0.
   0.           0.           0.           0.           1.
   0.           0.        ]"
Cd,4d5/2,"[  3.0694578   -5.409037    -2.6106746   -1.7486782   -1.0190909
   2.4943461    0.5137323   -2.1595044    2.562415     0.07137689
   1.8895617    5.534101     1.8605784   -0.8306246    1.315597
  -5.5869226   -5.5594673   -0.88520503   3.3873372    0.2671239
  -4.4143853   -6.3480105   -4.9544754    6.161718    -5.5293217
 -11.296817     4.8442106   -6.295999     2.0932806   17.12358
   0.           0.           0.           0.           0.
   0.           0.           0.           0.           0.
   0.           0.           0.           0.           1.
   0.           0.        ]"
Hg,4d5/2,"[ 4.4642348e+00 -5.6740198e+00 -3.0377681e+00 -3.6068485e+00
 -7.2117132e-01  3.1646998e+00  3.0173147e-03 -2.5716028e+00
  1.7146926e+00 -6.8537599e-01  8.4053928e-01  2.8149533e+00
  3.0961640e+00  3.3723298e-01  1.4569658e+00 -5.4669209e+00
 -5.9063548e-01  6.5697712e-01  3.7433679e+00 -1.1814667e+00
 -2.5703373e+00 -1.7572000e+00  1.6352515e+00  4.2918320e+00
 -1.1855855e+00 -9.7570124e+00  3.0598536e+00 -5.0193734e+00
  7.4202126e-01  1.3484145e+01  0.0000000e+00  0.0000000e+00
  0.0000000e+00  0.0000000e+00  0.0000000e+00  0.0000000e+00
  0.0000000e+00  0.0000000e+00  0.0000000e+00  0.0000000e+00
  0.0000000e+00  0.0000000e+00  0.0000000e+00  0.0000000e+00
  1.0000000e+00  0.0000000e+00  0.0000000e+00]"
I,4d5/2,"[ -0.10133949   0.11563325   0.23077004   0.01522054  -0.32204333
  -0.9350829   -0.51595616  -4.7972026    1.881241    11.42956
  -0.47717783   0.14837438   1.1038632    0.04820552   0.36423182
   0.31157836  -1.1678413   -3.648412    -2.3049998  -15.015307
  -2.0699706    0.6222558    1.3242555   -1.8352039    4.2933817
  -1.8356514   -2.413033    -1.5708714   -0.8800207    6.451472
   0.           0.           0.           0.           0.
   0.           0.           0.           0.           0.
   0.           0.           0.           0.           1.
   0.           0.        ]"
In,4d5/2,"[ -3.42937      3.2770314   -6.9716487  -11.410288    -5.0616374
   3.8781297    6.3684344   -8.822154     2.0795841   -3.175574
   4.701616     2.7389104    0.08734853  -2.5516462   -2.9727776
 -12.357227     2.191468     2.3444655   -2.4932833    2.8207378
 -14.663325     0.56116545   3.547607     5.1222863  -10.007232
 -11.529463    -6.013835    -4.457741     2.764885    21.107069
   0.           0.           0.           0.           0.
   0.           0.           0.           0.           0.
   0.           0.           0.           0.           1.
   0.           0.        ]"
Sn,4d5/2,"[ -9.358243   -10.077357     4.3114204   13.070583    -7.3883038
  -1.6273061    6.9447865   -1.39438    -12.876635     2.86104
   3.3628945   -7.594876    -4.387723    -1.4313143   -9.432456
 -19.283699     0.7686101   -0.8066669   -0.39923385   1.6021013
   1.8465029    0.37148046  -4.203486     1.784781   -10.719043
  -6.130711   -14.544572    -9.553327     2.0717342   20.046135
   0.           0.           0.           0.           0.
   0.           0.           0.           0.           0.
   0.           0.           0.           0.           1.
   0.           0.        ]"
Xe,4d5/2,"[-2.6083079e-03 -3.7882119e-02  5.3416792e-02  4.4250146e-02
  6.1888597e-03  5.0339039e-02  3.8636662e-02  1.7927986e-02
  6.6613674e-02  4.3973185e-02  6.1322216e-02 -1.0696542e-03
  4.8013180e-02  1.4092377e-02 -7.3537240e-03 -5.1570188e-02
  8.1885785e-02 -4.1739065e-03  4.4345863e-02 -4.9567539e-02
  7.6973886e-04  2.8599592e-02 -6.9470949e-02 -4.6514727e-02
  7.7304967e-02  1.5285211e-02 -1.7960818e-02 -4.1993804e-02
  1.6138539e-02  1.7746051e-01  0.0000000e+00  0.0000000e+00
  0.0000000e+00  0.0000000e+00  0.0000000e+00  0.0000000e+00
  0.0000000e+00  0.0000000e+00  0.0000000e+00  0.0000000e+00
  0.0000000e+00  0.0000000e+00  0.0000000e+00  0.0000000e+00
  1.0000000e+00  0.0000000e+00  0.0000000e+00]"
Bi,4f7/2,"[ 0.16917649 -2.1536345  -0.15325682 -2.5162115   4.461052   -7.1531696
 -5.987082    7.234838    5.9183345   0.63974714  3.855546   -4.872774
 -2.0370588   1.7049383  -2.202046   -7.842746   -0.552181   12.110143
  0.21020047 -2.286461   -4.7110624   0.0629422   0.10711088 -3.3454118
 -0.6294224  -0.62644994 -7.9561872  -1.5801948   2.1838994  14.730219
  0.          0.          0.          0.          0.          0.
  0.          0.          0.          0.          0.          0.
  0.          0.          0.          0.          1.        ]"
Hg,4f7/2,"[ 4.4642348e+00 -5.6740198e+00 -3.0377681e+00 -3.6068485e+00
 -7.2117132e-01  3.1646998e+00  3.0173147e-03 -2.5716028e+00
  1.7146926e+00 -6.8537599e-01  8.4053928e-01  2.8149533e+00
  3.0961640e+00  3.3723298e-01  1.4569658e+00 -5.4669209e+00
 -5.9063548e-01  6.5697712e-01  3.7433679e+00 -1.1814667e+00
 -2.5703373e+00 -1.7572000e+00  1.6352515e+00  4.2918320e+00
 -1.1855855e+00 -9.7570124e+00  3.0598536e+00 -5.0193734e+00
  7.4202126e-01  1.3484145e+01  0.0000000e+00  0.0000000e+00
  0.0000000e+00  0.0000000e+00  0.0000000e+00  0.0000000e+00
  0.0000000e+00  0.0000000e+00  0.0000000e+00  0.0000000e+00
  0.0000000e+00  0.0000000e+00  0.0000000e+00  0.0000000e+00
  0.0000000e+00  0.0000000e+00  1.0000000e+00]"
Pb,4f7/2,"[-1.1037469  -5.14788    -0.6410701   1.6116483  -2.7415645   0.21197651
  2.371747   -1.7246454  -3.427419    0.73171693  1.6073598  -3.8818657
  0.01676541 -0.8600794  -3.0443823  -9.0307455   2.7315788   0.7395235
  0.06766997 -0.7944137   0.18871558 -3.0390184  -6.8450575   0.58778775
 -4.460669   -7.130426   -1.4032208  -4.2535915   1.9511708  13.723971
  0.          0.          0.          0.          0.          0.
  0.          0.          0.          0.          0.          0.
  0.          0.          0.          0.          1.        ]"
Re,4f7/2,"[-2.1745398   0.77956593  2.9107747   3.221019   -1.4667825   1.7203288
  2.9303422  -0.4478161   4.708278   -0.7093294   0.6427925   0.0944397
  1.5456597  -2.172729    3.5189893   0.3918747   3.1426172  -0.96534085
  3.7262473  -1.1037986  -1.029868    1.8426894  -0.50404555 -2.6789582
  2.129128    4.170211   -1.8370413  -3.4047692   0.7392903   7.162284
  0.          0.          0.          0.          0.          0.
  0.          0.          0.          0.          0.          0.
  0.          0.          0.          0.          1.        ]"
Tl,4f7/2,"[  1.266294    -2.2460766   -3.961528    -5.346277    -1.7929484
   2.0954652    2.04401     -3.8442054    1.3608617   -1.8181746
  -0.03348735   3.8430867    4.9889174   -0.48941737  -0.7557097
  -9.169147     1.9739869    2.2215774   -1.0710471    1.9439157
  -5.0525618    4.3176208    4.4407525   -2.1004014   -0.7382955
 -13.25931      1.1346004   -3.9177027    1.3889903   14.2693
   0.           0.           0.           0.           0.
   0.           0.           0.           0.           0.
   0.           0.           0.           0.           0.
   0.           1.        ]"
U,4f7/2,"[-2.100927   -1.0418078   5.088801   -0.22602132 -2.4028945   0.2775161
  0.13951333  0.35138512 -1.2978185   0.7839013  -0.84792     3.1733909
  0.31210178  1.0499831  -0.5816105  -0.08608701  1.7705282  -1.122049
  4.612133   -0.8935974   1.4882935   1.498587   -1.6321907  -2.3321009
  2.5030096   3.3308954  -1.8814344   5.2260656   2.0398006  10.040514
  0.          0.          0.          0.          0.          0.
  0.          0.          0.          0.          0.          0.
  0.          0.          0.          0.          1.        ]"
W,4f7/2,"[-0.3716342  -1.6395167   6.4958644   4.0565696  -3.6790423   4.7185483
  3.097053   -1.1218323   9.906937   -2.2702422   1.4040877   0.46726674
  0.10372626  1.7435333   0.09592807 -1.0551997   2.3934195  -0.64370865
  5.767302   -0.05197622 -2.7284563   3.3496394  -4.2510643  -4.783955
  3.123897    6.8553753  -3.2513776  -3.642258    1.1808977   7.8652673
  0.          0.          0.          0.          0.          0.
  0.          0.          0.          0.          0.          0.
  0.          0.          0.          0.          1.        ]"
Hg,4p3/2,"[ 4.4642348e+00 -5.6740198e+00 -3.0377681e+00 -3.6068485e+00
 -7.2117132e-01  3.1646998e+00  3.0173147e-03 -2.5716028e+00
  1.7146926e+00 -6.8537599e-01  8.4053928e-01  2.8149533e+00
  3.0961640e+00  3.3723298e-01  1.4569658e+00 -5.4669209e+00
 -5.9063548e-01  6.5697712e-01  3.7433679e+00 -1.1814667e+00
 -2.5703373e+00 -1.7572000e+00  1.6352515e+00  4.2918320e+00
 -1.1855855e+00 -9.7570124e+00  3.0598536e+00 -5.0193734e+00
  7.4202126e-01  1.3484145e+01  0.0000000e+00  0.0000000e+00
  0.0000000e+00  0.0000000e+00  0.0000000e+00  0.0000000e+00
  0.0000000e+00  0.0000000e+00  0.0000000e+00  0.0000000e+00
  0.0000000e+00  1.0000000e+00  0.0000000e+00  0.0000000e+00
  0.0000000e+00  0.0000000e+00  0.0000000e+00]"
I,4p3/2,"[ -0.10133949   0.11563325   0.23077004   0.01522054  -0.32204333
  -0.9350829   -0.51595616  -4.7972026    1.881241    11.42956
  -0.47717783   0.14837438   1.1038632    0.04820552   0.36423182
   0.31157836  -1.1678413   -3.648412    -2.3049998  -15.015307
  -2.0699706    0.6222558    1.3242555   -1.8352039    4.2933817
  -1.8356514   -2.413033    -1.5708714   -0.8800207    6.451472
   0.           0.           0.           0.           0.
   0.           0.           0.           0.           0.
   0.           1.           0.           0.           0.
   0.           0.        ]"
Sr,4p3/2,"[ -0.03790596   0.3577278   -1.2794045   -2.4655304    0.16344227
   0.33891514   0.46348083  -1.7072804    0.29863375  -0.54979384
  -2.0147502   -8.990174     1.9273589    3.3324246   -2.7494962
   4.7587667   12.78876      2.6819904   -0.9103561   -3.5652056
   3.936441   -10.027518   -19.202648    -1.3182551   -0.07470435
  -7.8499594    7.8856683    2.342023     2.521021    15.756729
   0.           0.           0.           0.           0.
   0.           0.           0.           0.           0.
   0.           1.           0.           0.           0.
   0.           0.        ]"
Xe,4p3/2,"[-2.6083079e-03 -3.7882119e-02  5.3416792e-02  4.4250146e-02
  6.1888597e-03  5.0339039e-02  3.8636662e-02  1.7927986e-02
  6.6613674e-02  4.3973185e-02  6.1322216e-02 -1.0696542e-03
  4.8013180e-02  1.4092377e-02 -7.3537240e-03 -5.1570188e-02
  8.1885785e-02 -4.1739065e-03  4.4345863e-02 -4.9567539e-02
  7.6973886e-04  2.8599592e-02 -6.9470949e-02 -4.6514727e-02
  7.7304967e-02  1.5285211e-02 -1.7960818e-02 -4.1993804e-02
  1.6138539e-02  1.7746051e-01  0.0000000e+00  0.0000000e+00
  0.0000000e+00  0.0000000e+00  0.0000000e+00  0.0000000e+00
  0.0000000e+00  0.0000000e+00  0.0000000e+00  0.0000000e+00
  0.0000000e+00  1.0000000e+00  0.0000000e+00  0.0000000e+00
  0.0000000e+00  0.0000000e+00  0.0000000e+00]"
Hg,4s,"[ 4.4642348e+00 -5.6740198e+00 -3.0377681e+00 -3.6068485e+00
 -7.2117132e-01  3.1646998e+00  3.0173147e-03 -2.5716028e+00
  1.7146926e+00 -6.8537599e-01  8.4053928e-01  2.8149533e+00
  3.0961640e+00  3.3723298e-01  1.4569658e+00 -5.4669209e+00
 -5.9063548e-01  6.5697712e-01  3.7433679e+00 -1.1814667e+00
 -2.5703373e+00 -1.7572000e+00  1.6352515e+00  4.2918320e+00
 -1.1855855e+00 -9.7570124e+00  3.0598536e+00 -5.0193734e+00
  7.4202126e-01  1.3484145e+01  0.0000000e+00  0.0000000e+00
  0.0000000e+00  0.0000000e+00  0.0000000e+00  0.0000000e+00
  0.0000000e+00  1.0000000e+00  0.0000000e+00  0.0000000e+00
  0.0000000e+00  0.0000000e+00  0.0000000e+00  0.0000000e+00
  0.0000000e+00  0.0000000e+00  0.0000000e+00]"
I,4s,"[ -0.10133949   0.11563325   0.23077004   0.01522054  -0.32204333
  -0.9350829   -0.51595616  -4.7972026    1.881241    11.42956
  -0.47717783   0.14837438   1.1038632    0.04820552   0.36423182
   0.31157836  -1.1678413   -3.648412    -2.3049998  -15.015307
  -2.0699706    0.6222558    1.3242555   -1.8352039    4.2933817
  -1.8356514   -2.413033    -1.5708714   -0.8800207    6.451472
   0.           0.           0.           0.           0.
   0.           0.           1.           0.           0.
   0.           0.           0.           0.           0.
   0.           0.        ]"
Xe,4s,"[-2.6083079e-03 -3.7882119e-02  5.3416792e-02  4.4250146e-02
  6.1888597e-03  5.0339039e-02  3.8636662e-02  1.7927986e-02
  6.6613674e-02  4.3973185e-02  6.1322216e-02 -1.0696542e-03
  4.8013180e-02  1.4092377e-02 -7.3537240e-03 -5.1570188e-02
  8.1885785e-02 -4.1739065e-03  4.4345863e-02 -4.9567539e-02
  7.6973886e-04  2.8599592e-02 -6.9470949e-02 -4.6514727e-02
  7.7304967e-02  1.5285211e-02 -1.7960818e-02 -4.1993804e-02
  1.6138539e-02  1.7746051e-01  0.0000000e+00  0.0000000e+00
  0.0000000e+00  0.0000000e+00  0.0000000e+00  0.0000000e+00
  0.0000000e+00  1.0000000e+00  0.0000000e+00  0.0000000e+00
  0.0000000e+00  0.0000000e+00  0.0000000e+00  0.0000000e+00
  0.0000000e+00  0.0000000e+00  0.0000000e+00]"
Hg,5d5/2,"[ 4.4642348e+00 -5.6740198e+00 -3.0377681e+00 -3.6068485e+00
 -7.2117132e-01  3.1646998e+00  3.0173147e-03 -2.5716028e+00
  1.7146926e+00 -6.8537599e-01  8.4053928e-01  2.8149533e+00
  3.0961640e+00  3.3723298e-01  1.4569658e+00 -5.4669209e+00
 -5.9063548e-01  6.5697712e-01  3.7433679e+00 -1.1814667e+00
 -2.5703373e+00 -1.7572000e+00  1.6352515e+00  4.2918320e+00
 -1.1855855e+00 -9.7570124e+00  3.0598536e+00 -5.0193734e+00
  7.4202126e-01  1.3484145e+01  0.0000000e+00  0.0000000e+00
  0.0000000e+00  0.0000000e+00  1.0000000e+00  0.0000000e+00
  0.0000000e+00  0.0000000e+00  0.0000000e+00  0.0000000e+00
  0.0000000e+00  0.0000000e+00  0.0000000e+00  0.0000000e+00
  0.0000000e+00  0.0000000e+00  0.0000000e+00]"
Pb,5d5/2,"[-1.1037469  -5.14788    -0.6410701   1.6116483  -2.7415645   0.21197651
  2.371747   -1.7246454  -3.427419    0.73171693  1.6073598  -3.8818657
  0.01676541 -0.8600794  -3.0443823  -9.0307455   2.7315788   0.7395235
  0.06766997 -0.7944137   0.18871558 -3.0390184  -6.8450575   0.58778775
 -4.460669   -7.130426   -1.4032208  -4.2535915   1.9511708  13.723971
  0.          0.          0.          0.          1.          0.
  0.          0.          0.          0.          0.          0.
  0.          0.          0.          0.          0.        ]"
Hg,5p3/2,"[ 4.4642348e+00 -5.6740198e+00 -3.0377681e+00 -3.6068485e+00
 -7.2117132e-01  3.1646998e+00  3.0173147e-03 -2.5716028e+00
  1.7146926e+00 -6.8537599e-01  8.4053928e-01  2.8149533e+00
  3.0961640e+00  3.3723298e-01  1.4569658e+00 -5.4669209e+00
 -5.9063548e-01  6.5697712e-01  3.7433679e+00 -1.1814667e+00
 -2.5703373e+00 -1.7572000e+00  1.6352515e+00  4.2918320e+00
 -1.1855855e+00 -9.7570124e+00  3.0598536e+00 -5.0193734e+00
  7.4202126e-01  1.3484145e+01  0.0000000e+00  0.0000000e+00
  0.0000000e+00  0.0000000e+00  0.0000000e+00  0.0000000e+00
  0.0000000e+00  0.0000000e+00  1.0000000e+00  0.0000000e+00
  0.0000000e+00  0.0000000e+00  0.0000000e+00  0.0000000e+00
  0.0000000e+00  0.0000000e+00  0.0000000e+00]"
Hg,5s,"[ 4.4642348e+00 -5.6740198e+00 -3.0377681e+00 -3.6068485e+00
 -7.2117132e-01  3.1646998e+00  3.0173147e-03 -2.5716028e+00
  1.7146926e+00 -6.8537599e-01  8.4053928e-01  2.8149533e+00
  3.0961640e+00  3.3723298e-01  1.4569658e+00 -5.4669209e+00
 -5.9063548e-01  6.5697712e-01  3.7433679e+00 -1.1814667e+00
 -2.5703373e+00 -1.7572000e+00  1.6352515e+00  4.2918320e+00
 -1.1855855e+00 -9.7570124e+00  3.0598536e+00 -5.0193734e+00
  7.4202126e-01  1.3484145e+01  0.0000000e+00  1.0000000e+00
  0.0000000e+00  0.0000000e+00  0.0000000e+00  0.0000000e+00
  0.0000000e+00  0.0000000e+00  0.0000000e+00  0.0000000e+00
  0.0000000e+00  0.0000000e+00  0.0000000e+00  0.0000000e+00
  0.0000000e+00  0.0000000e+00  0.0000000e+00]"
